id,name,acronym,NEW_IDs
23,Left_Anterior_amygdalar_area,sAMY,1
20023,Right_Anterior_amygdalar_area,sAMY,2
935,Left_Anterior_cingulate_area_dorsal_part_layer_1,ACAd,3
20935,Right_Anterior_cingulate_area_dorsal_part_layer_1,ACAd,4
211,Left_Anterior_cingulate_area_dorsal_part_layer_2/3,ACAd,5
20211,Right_Anterior_cingulate_area_dorsal_part_layer_2/3,ACAd,6
1015,Left_Anterior_cingulate_area_dorsal_part_layer_5,ACAd,7
21015,Right_Anterior_cingulate_area_dorsal_part_layer_5,ACAd,8
919,Left_Anterior_cingulate_area_dorsal_part_layer_6a,ACAd,9
20919,Right_Anterior_cingulate_area_dorsal_part_layer_6a,ACAd,10
927,Left_Anterior_cingulate_area_dorsal_part_layer_6b,ACAd,11
20927,Right_Anterior_cingulate_area_dorsal_part_layer_6b,ACAd,12
588,Left_Anterior_cingulate_area_ventral_part_layer_1,ACAv,13
20588,Right_Anterior_cingulate_area_ventral_part_layer_1,ACAv,14
296,Left_Anterior_cingulate_area_ventral_part_layer_2/3,ACAv,15
20296,Right_Anterior_cingulate_area_ventral_part_layer_2/3,ACAv,16
772,Left_Anterior_cingulate_area_ventral_part_layer_5,ACAv,17
20772,Right_Anterior_cingulate_area_ventral_part_layer_5,ACAv,18
810,Left_Anterior_cingulate_area_ventral_part_6a,ACAv,19
20810,Right_Anterior_cingulate_area_ventral_part_6a,ACAv,20
819,Left_Anterior_cingulate_area_ventral_part_6b,ACAv,21
20819,Right_Anterior_cingulate_area_ventral_part_6b,ACAv,22
56,Left_Nucleus_accumbens,STRv,23
20056,Right_Nucleus_accumbens,STRv,24
900,Left_anterior_commissure_olfactory_limb,In,25
20900,Right_anterior_commissure_olfactory_limb,In,26
908,Left_anterior_commissure_temporal_limb,mfbc,27
20908,Right_anterior_commissure_temporal_limb,mfbc,28
576,Left_Accessory_facial_motor_nucleus,MY-mot,29
20576,Right_Accessory_facial_motor_nucleus,MY-mot,30
64,Left_Anterodorsal_nucleus,ATN,31
20064,Right_Anterodorsal_nucleus,ATN,32
72,Left_Anterodorsal_preoptic_nucleus,PVR,33
20072,Right_Anterodorsal_preoptic_nucleus,PVR,34
88,Left_Anterior_hypothalamic_nucleus,MEZ_,35
20088,Right_Anterior_hypothalamic_nucleus,MEZ_,36
996,Left_Agranular_insular_area_dorsal_part_layer_1,AId,37
20996,Right_Agranular_insular_area_dorsal_part_layer_1,AId,38
328,Left_Agranular_insular_area_dorsal_part_layer_2/3,AId,39
20328,Right_Agranular_insular_area_dorsal_part_layer_2/3,AId,40
1101,Left_Agranular_insular_area_dorsal_part_layer_5,AId,41
21101,Right_Agranular_insular_area_dorsal_part_layer_5,AId,42
783,Left_Agranular_insular_area_dorsal_part_layer_6a,AId,43
20783,Right_Agranular_insular_area_dorsal_part_layer_6a,AId,44
831,Left_Agranular_insular_area_dorsal_part_layer_6b,AId,45
20831,Right_Agranular_insular_area_dorsal_part_layer_6b,AId,46
120,Left_Agranular_insular_area_posterior_part_layer_1,AIp,47
20120,Right_Agranular_insular_area_posterior_part_layer_1,AIp,48
163,Left_Agranular_insular_area_posterior_part_layer_2/3,AIp,49
20163,Right_Agranular_insular_area_posterior_part_layer_2/3,AIp,50
344,Left_Agranular_insular_area_posterior_part_layer_5,AIp,51
20344,Right_Agranular_insular_area_posterior_part_layer_5,AIp,52
314,Left_Agranular_insular_area_posterior_part_layer_6a,AIp,53
20314,Right_Agranular_insular_area_posterior_part_layer_6a,AIp,54
355,Left_Agranular_insular_area_posterior_part_layer_6b,AIp,55
20355,Right_Agranular_insular_area_posterior_part_layer_6b,AIp,56
704,Left_Agranular_insular_area_ventral_part_layer_1,AIv,57
20704,Right_Agranular_insular_area_ventral_part_layer_1,AIv,58
694,Left_Agranular_insular_area_ventral_part_layer_2/3,AIv,59
20694,Right_Agranular_insular_area_ventral_part_layer_2/3,AIv,60
800,Left_Agranular_insular_area_ventral_part_layer_5,AIv,61
20800,Right_Agranular_insular_area_ventral_part_layer_5,AIv,62
675,Left_Agranular_insular_area_ventral_part_layer_6a,AIv,63
20675,Right_Agranular_insular_area_ventral_part_layer_6a,AIv,64
699,Left_Agranular_insular_area_ventral_part_layer_6b,AIv,65
20699,Right_Agranular_insular_area_ventral_part_layer_6b,AIv,66
466,Left_alveus,fxs,67
20466,Right_alveus,fxs,68
127,Left_Anteromedial_nucleus,ATN,69
20127,Right_Anteromedial_nucleus,ATN,70
939,Left_Nucleus_ambiguus_dorsal_division,AMB,71
20939,Right_Nucleus_ambiguus_dorsal_division,AMB,72
143,Left_Nucleus_ambiguus_ventral_division,AMB,73
20143,Right_Nucleus_ambiguus_ventral_division,AMB,74
884,Left_amygdalar_capsule,mfbc,75
20884,Right_amygdalar_capsule,mfbc,76
1017,Left_Ansiform_lobule,HEM,77
21017,Right_Ansiform_lobule,HEM,78
188,Left_Accessory_olfactory_bulb_glomerular_layer,AOB,79
20188,Right_Accessory_olfactory_bulb_glomerular_layer,AOB,80
196,Left_Accessory_olfactory_bulb_granular_layer,AOB,81
20196,Right_Accessory_olfactory_bulb_granular_layer,AOB,82
204,Left_Accessory_olfactory_bulb_mitral_layer,AOB,83
20204,Right_Accessory_olfactory_bulb_mitral_layer,AOB,84
159,Left_Anterior_olfactory_nucleus,OLF,85
20159,Right_Anterior_olfactory_nucleus,OLF,86
207,Left_Area_postrema,MY-sen,87
20207,Right_Area_postrema,MY-sen,88
215,Left_Anterior_pretectal_nucleus,PRT,89
20215,Right_Anterior_pretectal_nucleus,PRT,90
140,Left_cerebral_aqueduct,VS,91
20140,Right_cerebral_aqueduct,VS,92
728,Left_arbor_vitae,cbf,93
20728,Right_arbor_vitae,cbf,94
223,Left_Arcuate_hypothalamic_nucleus,PVZ,95
20223,Right_Arcuate_hypothalamic_nucleus,PVZ,96
332,Left_Accessory_supraoptic_group,PVZ,97
20332,Right_Accessory_supraoptic_group,PVZ,98
231,Left_Anterior_tegmental_nucleus,MBmot,99
20231,Right_Anterior_tegmental_nucleus,MBmot,100
527,Left_Dorsal_auditory_area_layer_1,AUDd,101
20527,Right_Dorsal_auditory_area_layer_1,AUDd,102
600,Left_Dorsal_auditory_area_layer_2/3,AUDd,103
20600,Right_Dorsal_auditory_area_layer_2/3,AUDd,104
678,Left_Dorsal_auditory_area_layer_4,AUDd,105
20678,Right_Dorsal_auditory_area_layer_4,AUDd,106
252,Left_Dorsal_auditory_area_layer_5,AUDd,107
20252,Right_Dorsal_auditory_area_layer_5,AUDd,108
156,Left_Dorsal_auditory_area_layer_6a,AUDd,109
20156,Right_Dorsal_auditory_area_layer_6a,AUDd,110
243,Left_Dorsal_auditory_area_layer_6b,AUDd,111
20243,Right_Dorsal_auditory_area_layer_6b,AUDd,112
735,Left_Primary_auditory_area_layer_1,AUDp,113
20735,Right_Primary_auditory_area_layer_1,AUDp,114
251,Left_Primary_auditory_area_layer_2/3,AUDp,115
20251,Right_Primary_auditory_area_layer_2/3,AUDp,116
816,Left_Primary_auditory_area_layer_4,AUDp,117
20816,Right_Primary_auditory_area_layer_4,AUDp,118
847,Left_Primary_auditory_area_layer_5,AUDp,119
20847,Right_Primary_auditory_area_layer_5,AUDp,120
954,Left_Primary_auditory_area_layer_6a,AUDp,121
20954,Right_Primary_auditory_area_layer_6a,AUDp,122
1005,Left_Primary_auditory_area_layer_6b,AUDp,123
21005,Right_Primary_auditory_area_layer_6b,AUDp,124
696,Left_Posterior_auditory_area_layer_1,AUDpo,125
20696,Right_Posterior_auditory_area_layer_1,AUDpo,126
643,Left_Posterior_auditory_area_layer_2/3,AUDpo,127
20643,Right_Posterior_auditory_area_layer_2/3,AUDpo,128
759,Left_Posterior_auditory_area_layer_4,AUDpo,129
20759,Right_Posterior_auditory_area_layer_4,AUDpo,130
791,Left_Posterior_auditory_area_layer_5,AUDpo,131
20791,Right_Posterior_auditory_area_layer_5,AUDpo,132
249,Left_Posterior_auditory_area_layer_6a,AUDpo,133
20249,Right_Posterior_auditory_area_layer_6a,AUDpo,134
456,Left_Posterior_auditory_area_layer_6b,AUDpo,135
20456,Right_Posterior_auditory_area_layer_6b,AUDpo,136
959,Left_Ventral_auditory_area_layer_1,AUDv,137
20959,Right_Ventral_auditory_area_layer_1,AUDv,138
755,Left_Ventral_auditory_area_layer_2/3,AUDv,139
20755,Right_Ventral_auditory_area_layer_2/3,AUDv,140
990,Left_Ventral_auditory_area_layer_4,AUDv,141
20990,Right_Ventral_auditory_area_layer_4,AUDv,142
1023,Left_Ventral_auditory_area_layer_5,AUDv,143
21023,Right_Ventral_auditory_area_layer_5,AUDv,144
520,Left_Ventral_auditory_area_layer_6a,AUDv,145
20520,Right_Ventral_auditory_area_layer_6a,AUDv,146
598,Left_Ventral_auditory_area_layer_6b,AUDv,147
20598,Right_Ventral_auditory_area_layer_6b,AUDv,148
255,Left_Anteroventral_nucleus_of_thalamus,ATN,149
20255,Right_Anteroventral_nucleus_of_thalamus,ATN,150
263,Left_Anteroventral_preoptic_nucleus,PVR,151
20263,Right_Anteroventral_preoptic_nucleus,PVR,152
272,Left_Anteroventral_periventricular_nucleus,PVR,153
20272,Right_Anteroventral_periventricular_nucleus,PVR,154
280,Left_Barrington's_nucleus,P-mot,155
20280,Right_Barrington's_nucleus,P-mot,156
292,Left_Bed_nucleus_of_the_accessory_olfactory_tract,sAMY,157
20292,Right_Bed_nucleus_of_the_accessory_olfactory_tract,sAMY,158
287,Left_Bed_nucleus_of_the_anterior_commissure,PALc,159
20287,Right_Bed_nucleus_of_the_anterior_commissure,PALc,160
482,Left_brachium_of_the_inferior_colliculus,cVIIIn,161
20482,Right_brachium_of_the_inferior_colliculus,cVIIIn,162
303,Left_Basolateral_amygdalar_nucleus_anterior_part,BLA,163
20303,Right_Basolateral_amygdalar_nucleus_anterior_part,BLA,164
311,Left_Basolateral_amygdalar_nucleus_posterior_part,BLA,165
20311,Right_Basolateral_amygdalar_nucleus_posterior_part,BLA,166
451,Left_Basolateral_amygdalar_nucleus_ventral_part,BLA,167
20451,Right_Basolateral_amygdalar_nucleus_ventral_part,BLA,168
319,Left_Basomedial_amygdalar_nucleus,CTXsp,169
20319,Right_Basomedial_amygdalar_nucleus,CTXsp,170
351,Left_Bed_nuclei_of_the_stria_terminalis,PALc,171
20351,Right_Bed_nuclei_of_the_stria_terminalis,PALc,172
164,Left_central_canal_spinal_cord/medulla,VS,173
20164,Right_central_canal_spinal_cord/medulla,VS,174
382,Left_Field_CA1,CA,175
20382,Right_Field_CA1,CA,176
423,Left_Field_CA2,CA,177
20423,Right_Field_CA2,CA,178
463,Left_Field_CA3,CA,179
20463,Right_Field_CA3,CA,180
776,Left_corpus_callosum,lfbs,181
20776,Right_corpus_callosum,lfbs,182
536,Left_Central_amygdalar_nucleus,sAMY,183
20536,Right_Central_amygdalar_nucleus,sAMY,184
920,Left_Central_lobule,VERM,185
20920,Right_Central_lobule,VERM,186
633,Left_inferior_colliculus_commissure,cVIIIn,187
20633,Right_inferior_colliculus_commissure,cVIIIn,188
940,Left_cingulum_bundle,mfbc,189
20940,Right_cingulum_bundle,mfbc,190
575,Left_Central_lateral_nucleus_of_the_thalamus,ILM,191
20575,Right_Central_lateral_nucleus_of_the_thalamus,ILM,192
583,Left_Claustrum,CTXsp,193
20583,Right_Claustrum,CTXsp,194
591,Left_Central_linear_nucleus_raph,RAmb,195
20591,Right_Central_linear_nucleus_raph,RAmb,196
599,Left_Central_medial_nucleus_of_the_thalamus,ILM,197
20599,Right_Central_medial_nucleus_of_the_thalamus,ILM,198
639,Left_Cortical_amygdalar_area_anterior_part,COA,199
20639,Right_Cortical_amygdalar_area_anterior_part,COA,200
647,Left_Cortical_amygdalar_area_posterior_part,COA,201
20647,Right_Cortical_amygdalar_area_posterior_part,COA,202
1033,Left_Copula_pyramidis,HEM,203
21033,Right_Copula_pyramidis,HEM,204
672,Left_Caudoputamen,STRd,205
20672,Right_Caudoputamen,STRd,206
924,Left_cerebal_peduncle,cst,207
20924,Right_cerebal_peduncle,cst,208
679,Left_Superior_central_nucleus_raph,P-sat,209
20679,Right_Superior_central_nucleus_raph,P-sat,210
784,Left_corticospinal_tract,lfbs,211
20784,Right_corticospinal_tract,lfbs,212
703,Left_Cortical_subplate,CTX,213
20703,Right_Cortical_subplate,CTX,214
711,Left_Cuneate_nucleus,DCN,215
20711,Right_Cuneate_nucleus,DCN,216
380,Left_cuneate_fascicle,dc,217
20380,Right_cuneate_fascicle,dc,218
928,Left_Culmen,VERM,219
20928,Right_Culmen,VERM,220
616,Left_Cuneiform_nucleus,MBmot,221
20616,Right_Cuneiform_nucleus,MBmot,222
96,Left_Dorsal_cochlear_nucleus,CN,223
20096,Right_Dorsal_cochlear_nucleus,CN,224
936,Left_Declive_(VI),VERM,225
20936,Right_Declive_(VI),VERM,226
530,Left_dorsal_fornix,fxs,227
20530,Right_dorsal_fornix,fxs,228
10703,Left_Dentate_gyrus_molecular_layer,DG,229
30703,Right_Dentate_gyrus_molecular_layer,DG,230
10704,Left_Dentate_gyrus_polymorph_layer,DG,231
30704,Right_Dentate_gyrus_polymorph_layer,DG,232
632,Left_Dentate_gyrus_granule_cell_layer,DG,233
20632,Right_Dentate_gyrus_granule_cell_layer,DG,234
443,Left_dorsal_hippocampal_commissure,hc,235
20443,Right_dorsal_hippocampal_commissure,hc,236
830,Left_Dorsomedial_nucleus_of_the_hypothalamus,PVR,237
20830,Right_Dorsomedial_nucleus_of_the_hypothalamus,PVR,238
839,Left_Dorsal_motor_nucleus_of_the_vagus_nerve,MY-mot,239
20839,Right_Dorsal_motor_nucleus_of_the_vagus_nerve,MY-mot,240
846,Left_Dentate_nucleus,CBN,241
20846,Right_Dentate_nucleus,CBN,242
814,Left_Dorsal_peduncular_area,OLF,243
20814,Right_Dorsal_peduncular_area,OLF,244
872,Left_Dorsal_nucleus_raph,RAmb,245
20872,Right_Dorsal_nucleus_raph,RAmb,246
1060,Left_doral_tegmental_decussation,tsp,247
21060,Right_doral_tegmental_decussation,tsp,248
880,Left_Dorsal_tegmental_nucleus,P-mot,249
20880,Right_Dorsal_tegmental_nucleus,P-mot,250
836,Left_Ectorhinal_area/Layer_1,ECT,251
20836,Right_Ectorhinal_area/Layer_1,ECT,252
427,Left_Ectorhinal_area/Layer_2/3,ECT,253
20427,Right_Ectorhinal_area/Layer_2/3,ECT,254
988,Left_Ectorhinal_area/Layer_5,ECT,255
20988,Right_Ectorhinal_area/Layer_5,ECT,256
977,Left_Ectorhinal_area/Layer_6a,ECT,257
20977,Right_Ectorhinal_area/Layer_6a,ECT,258
1045,Left_Ectorhinal_area/Layer_6b,ECT,259
21045,Right_Ectorhinal_area/Layer_6b,ECT,260
903,Left_External_cuneate_nucleus,MY-sen,261
20903,Right_External_cuneate_nucleus,MY-sen,262
1092,Left_external_medullary_lamina_of_the_thalamus,lfbst,263
21092,Right_external_medullary_lamina_of_the_thalamus,lfbst,264
918,Left_Entorhinal_area_lateral_part,ENT,265
20918,Right_Entorhinal_area_lateral_part,ENT,266
926,Left_Entorhinal_area_medial_part_dorsal_zone,ENT,267
20926,Right_Entorhinal_area_medial_part_dorsal_zone,ENT,268
934,Left_Entorhinal_area_medial_part_ventral_zone,ENT,269
20934,Right_Entorhinal_area_medial_part_ventral_zone,ENT,270
952,Left_Endopiriform_nucleus_dorsal_part,EP,271
20952,Right_Endopiriform_nucleus_dorsal_part,EP,272
966,Left_Endopiriform_nucleus_ventral_part,EP,273
20966,Right_Endopiriform_nucleus_ventral_part,EP,274
975,Left_Edinger-Westphal_nucleus,MBmot,275
20975,Right_Edinger-Westphal_nucleus,MBmot,276
982,Left_Fasciola_cinerea,HIP,277
20982,Right_Fasciola_cinerea,HIP,278
804,Left_Fields_of_Forel,ZI,279
20804,Right_Fields_of_Forel,ZI,280
603,Left_fimbria,fxs,281
20603,Right_fimbria,fxs,282
1009,Left_fiber_tracts,root,283
21009,Right_fiber_tracts,root,284
1049,Left_Flocculus,HEM,285
21049,Right_Flocculus,HEM,286
989,Left_Fastigial_nucleus,CBN,287
20989,Right_Fastigial_nucleus,CBN,288
944,Left_Folium-tuber_vermis_(VII),VERM,289
20944,Right_Folium-tuber_vermis_(VII),VERM,290
595,Left_fasciculus_retroflexus,mfbse,291
20595,Right_fasciculus_retroflexus,mfbse,292
12007,Left_Frontal_pole_layers_5-6a,FRP,293
32007,Right_Frontal_pole_layers_5-6a,FRP,294
12008,Left_Frontal_pole_layers_5-6b,FRP,295
32008,Right_Frontal_pole_layers_5-6b,FRP,296
68,Left_Frontal_pole_layer_1,FRP,297
20068,Right_Frontal_pole_layer_1,FRP,298
667,Left_Frontal_pole_layer_2/3,FRP,299
20667,Right_Frontal_pole_layer_2/3,FRP,300
998,Left_Fundus_of_striatum,STRv,301
20998,Right_Fundus_of_striatum,STRv,302
436,Left_columns_of_the_fornix,fxpo,303
20436,Right_columns_of_the_fornix,fxpo,304
1022,Left_Globus_pallidus_external_segment,PALd,305
21022,Right_Globus_pallidus_external_segment,PALd,306
1031,Left_Globus_pallidus_internal_segment,PALd,307
21031,Right_Globus_pallidus_internal_segment,PALd,308
1039,Left_Gracile_nucleus,DCN,309
21039,Right_Gracile_nucleus,DCN,310
8,Left_Basic_cell_groups_and_regions,root,311
20008,Right_Basic_cell_groups_and_regions,root,312
388,Left_gracile_fascicle,dc,313
20388,Right_gracile_fascicle,dc,314
1048,Left_Gigantocellular_reticular_nucleus,MY-mot,315
21048,Right_Gigantocellular_reticular_nucleus,MY-mot,316
36,Left_Gustatory_areas_layer_1,GU,317
20036,Right_Gustatory_areas_layer_1,GU,318
180,Left_Gustatory_areas_layer_2/3,GU,319
20180,Right_Gustatory_areas_layer_2/3,GU,320
148,Left_Gustatory_areas_layer_4,GU,321
20148,Right_Gustatory_areas_layer_4,GU,322
187,Left_Gustatory_areas_layer_5,GU,323
20187,Right_Gustatory_areas_layer_5,GU,324
638,Left_Gustatory_areas_layer_6a,GU,325
20638,Right_Gustatory_areas_layer_6a,GU,326
662,Left_Gustatory_areas_layer_6b,GU,327
20662,Right_Gustatory_areas_layer_6b,GU,328
611,Left_habenular_commissure,mfbse,329
20611,Right_habenular_commissure,mfbse,330
1089,Left_Hippocampal_formation,CTXpl,331
21089,Right_Hippocampal_formation,CTXpl,332
1097,Left_Hypothalamus,IB,333
21097,Right_Hypothalamus,IB,334
1105,Left_Intercalated_amygdalar_nucleus,sAMY,335
21105,Right_Intercalated_amygdalar_nucleus,sAMY,336
1113,Left_Interanterodorsal_nucleus_of_the_thalamus,ATN,337
21113,Right_Interanterodorsal_nucleus_of_the_thalamus,ATN,338
1120,Left_Interanteromedial_nucleus_of_the_thalamus,ATN,339
21120,Right_Interanteromedial_nucleus_of_the_thalamus,ATN,340
4,Left_Inferior_colliculus,MBsen,341
20004,Right_Inferior_colliculus,MBsen,342
372,Left_Infracerebellar_nucleus,MY-mot,343
20372,Right_Infracerebellar_nucleus,MY-mot,344
1123,Left_inferior_cerebellar_peduncle,cbp,345
21123,Right_inferior_cerebellar_peduncle,cbp,346
12,Left_Interfascicular_nucleus_raph,RAmb,347
20012,Right_Interfascicular_nucleus_raph,RAmb,348
19,Left_Induseum_griseum,HIP,349
20019,Right_Induseum_griseum,HIP,350
27,Left_Intergeniculate_leaflet_of_the_lateral_geniculate_complex,GENv,351
20027,Right_Intergeniculate_leaflet_of_the_lateral_geniculate_complex,GENv,352
35,Left_Oculomotor_nucleus,MBmot,353
20035,Right_Oculomotor_nucleus,MBmot,354
848,Left_optic_nerve,cm,355
20848,Right_optic_nerve,cm,356
707,Left_Infralimbic_area_layer_1,ILA,357
20707,Right_Infralimbic_area_layer_1,ILA,358
556,Left_Infralimbic_area_layer_2/3,ILA,359
20556,Right_Infralimbic_area_layer_2/3,ILA,360
827,Left_Infralimbic_area_layer_5,ILA,361
20827,Right_Infralimbic_area_layer_5,ILA,362
1054,Left_Infralimbic_area_layer_6a,ILA,363
21054,Right_Infralimbic_area_layer_6a,ILA,364
1081,Left_Infralimbic_area_layer_6b,ILA,365
21081,Right_Infralimbic_area_layer_6b,ILA,366
14,Left_internal_medullary_lamina_of_the_thalamus,lfbst,367
20014,Right_internal_medullary_lamina_of_the_thalamus,lfbst,368
59,Left_Intermediodorsal_nucleus_of_the_thalamus,MED,369
20059,Right_Intermediodorsal_nucleus_of_the_thalamus,MED,370
67,Left_Interstitial_nucleus_of_Cajal,PAG,371
20067,Right_Interstitial_nucleus_of_Cajal,PAG,372
6,Left_internal_capsule,cst,373
20006,Right_internal_capsule,cst,374
83,Left_Inferior_olivary_complex,MY-mot,375
20083,Right_Inferior_olivary_complex,MY-mot,376
91,Left_Interposed_nucleus,CBN,377
20091,Right_Interposed_nucleus,CBN,378
100,Left_Interpeduncular_nucleus,RAmb,379
20100,Right_Interpeduncular_nucleus,RAmb,380
136,Left_Intermediate_reticular_nucleus,MY-mot,381
20136,Right_Intermediate_reticular_nucleus,MY-mot,382
106,Left_Inferior_salivatory_nucleus,MY-mot,383
20106,Right_Inferior_salivatory_nucleus,MY-mot,384
115,Left_Trochlear_nucleus,MBmot,385
20115,Right_Trochlear_nucleus,MBmot,386
911,Left_trochlear_nerve,cm,387
20911,Right_trochlear_nerve,cm,388
131,Left_Lateral_amygdalar_nucleus,CTXsp,389
20131,Right_Lateral_amygdalar_nucleus,CTXsp,390
209,Left_Lateral_vestibular_nucleus,VNC,391
20209,Right_Lateral_vestibular_nucleus,VNC,392
147,Left_Locus_ceruleus,P-sat,393
20147,Right_Locus_ceruleus,P-sat,394
155,Left_Lateral_dorsal_nucleus_of_thalamus,ATN,395
20155,Right_Lateral_dorsal_nucleus_of_thalamus,ATN,396
162,Left_Laterodorsal_tegmental_nucleus,P-sat,397
20162,Right_Laterodorsal_tegmental_nucleus,P-sat,398
170,Left_Dorsal_part_of_the_lateral_geniculate_complex,GENd,399
20170,Right_Dorsal_part_of_the_lateral_geniculate_complex,GENd,400
178,Left_Ventral_part_of_the_lateral_geniculate_complex,GENv,401
20178,Right_Ventral_part_of_the_lateral_geniculate_complex,GENv,402
186,Left_Lateral_habenula,EPI,403
20186,Right_Lateral_habenula,EPI,404
194,Left_Lateral_hypothalamic_area,LZ,405
20194,Right_Lateral_hypothalamic_area,LZ,406
203,Left_Linear_nucleus_of_the_medulla,MY-mot,407
20203,Right_Linear_nucleus_of_the_medulla,MY-mot,408
912,Left_Lingula_(I),VERM,409
20912,Right_Lingula_(I),VERM,410
658,Left_lateral_lemniscus,cVIIIn,411
20658,Right_lateral_lemniscus,cVIIIn,412
210,Left_Lateral_mammillary_nucleus,MBO,413
20210,Right_Lateral_mammillary_nucleus,MBO,414
665,Left_lateral_olfactory_tract_body,lotg,415
20665,Right_lateral_olfactory_tract_body,lotg,416
218,Left_Lateral_posterior_nucleus_of_the_thalamus,LAT,417
20218,Right_Lateral_posterior_nucleus_of_the_thalamus,LAT,418
226,Left_Lateral_preoptic_area,LZ,419
20226,Right_Lateral_preoptic_area,LZ,420
235,Left_Lateral_reticular_nucleus,MY-mot,421
20235,Right_Lateral_reticular_nucleus,MY-mot,422
250,Left_Lateral_septal_nucleus_caudal_(caudodorsal)_part,LS,423
20250,Right_Lateral_septal_nucleus_caudal_(caudodorsal)_part,LS,424
258,Left_Lateral_septal_nucleus_rostral_(rostroventral)_part,LS,425
20258,Right_Lateral_septal_nucleus_rostral_(rostroventral)_part,LS,426
266,Left_Lateral_septal_nucleus_ventral_part,LS,427
20266,Right_Lateral_septal_nucleus_ventral_part,LS,428
66,Left_Lateral_terminal_nucleus_of_the_accessory_optic_tract,MBmot,429
20066,Right_Lateral_terminal_nucleus_of_the_accessory_optic_tract,MBmot,430
298,Left_Magnocellular_nucleus,PALv,431
20298,Right_Magnocellular_nucleus,PALv,432
307,Left_Magnocellular_reticular_nucleus,MY-mot,433
20307,Right_Magnocellular_reticular_nucleus,MY-mot,434
313,Left_Midbrain,BS,435
20313,Right_Midbrain,BS,436
78,Left_middle_cerebellar_peduncle,cbp,437
20078,Right_middle_cerebellar_peduncle,cbp,438
362,Left_Mediodorsal_nucleus_of_thalamus,MED,439
20362,Right_Mediodorsal_nucleus_of_thalamus,MED,440
1098,Left_Medullary_reticular_nucleus_dorsal_part,MDRN,441
21098,Right_Medullary_reticular_nucleus_dorsal_part,MDRN,442
1107,Left_Medullary_reticular_nucleus_ventral_part,MDRN,443
21107,Right_Medullary_reticular_nucleus_ventral_part,MDRN,444
403,Left_Medial_amygdalar_nucleus,sAMY,445
20403,Right_Medial_amygdalar_nucleus,sAMY,446
452,Left_Median_preoptic_nucleus,PVR,447
20452,Right_Median_preoptic_nucleus,PVR,448
460,Left_Midbrain_trigeminal_nucleus,MBsen,449
20460,Right_Midbrain_trigeminal_nucleus,MBsen,450
475,Left_Medial_geniculate_complex,GENd,451
20475,Right_Medial_geniculate_complex,GENd,452
483,Left_Medial_habenula,EPI,453
20483,Right_Medial_habenula,EPI,454
697,Left_medial_lemniscus,cett,455
20697,Right_medial_lemniscus,cett,456
62,Left_medial_longitudinal_fascicle,IIIn,457
20062,Right_medial_longitudinal_fascicle,IIIn,458
491,Left_Medial_mammillary_nucleus,MBO,459
20491,Right_Medial_mammillary_nucleus,MBO,460
507,Left_Main_olfactory_bulb,OLF,461
20507,Right_Main_olfactory_bulb,OLF,462
320,Left_Primary_motor_area_Layer_1,MOp,463
20320,Right_Primary_motor_area_Layer_1,MOp,464
943,Left_Primary_motor_area_Layer_2/3,MOp,465
20943,Right_Primary_motor_area_Layer_2/3,MOp,466
648,Left_Primary_motor_area_Layer_5,MOp,467
20648,Right_Primary_motor_area_Layer_5,MOp,468
844,Left_Primary_motor_area_Layer_6a,MOp,469
20844,Right_Primary_motor_area_Layer_6a,MOp,470
882,Left_Primary_motor_area_Layer_6b,MOp,471
20882,Right_Primary_motor_area_Layer_6b,MOp,472
656,Left_Secondary_motor_area_layer_1,MOs,473
20656,Right_Secondary_motor_area_layer_1,MOs,474
962,Left_Secondary_motor_area_layer_2/3,MOs,475
20962,Right_Secondary_motor_area_layer_2/3,MOs,476
767,Left_Secondary_motor_area_layer_5,MOs,477
20767,Right_Secondary_motor_area_layer_5,MOs,478
1021,Left_Secondary_motor_area_layer_6a,MOs,479
21021,Right_Secondary_motor_area_layer_6a,MOs,480
1085,Left_Secondary_motor_area_layer_6b,MOs,481
21085,Right_Secondary_motor_area_layer_6b,MOs,482
93,Left_motor_root_of_the_trigeminal_nerve,Vn,483
20093,Right_motor_root_of_the_trigeminal_nerve,Vn,484
673,Left_mammillary_peduncle,mfbsma,485
20673,Right_mammillary_peduncle,mfbsma,486
515,Left_Medial_preoptic_nucleus,MEZ_,487
20515,Right_Medial_preoptic_nucleus,MEZ_,488
523,Left_Medial_preoptic_area,PVR,489
20523,Right_Medial_preoptic_area,PVR,490
531,Left_Medial_pretectal_area,PRT,491
20531,Right_Medial_pretectal_area,PRT,492
128,Left_Midbrain_reticular_nucleus,MBmot,493
20128,Right_Midbrain_reticular_nucleus,MBmot,494
564,Left_Medial_septal_nucleus,MSC,495
20564,Right_Medial_septal_nucleus,MSC,496
681,Left_mammillotegmental_tract,mfbsma,497
20681,Right_mammillotegmental_tract,mfbsma,498
690,Left_mammilothalmic_tract,mfbsma,499
20690,Right_mammilothalmic_tract,mfbsma,500
705,Left_midbrain_tract_of_the_trigeminal_nerve,sV,501
20705,Right_midbrain_tract_of_the_trigeminal_nerve,sV,502
202,Left_Medial_vestibular_nucleus,VNC,503
20202,Right_Medial_vestibular_nucleus,VNC,504
354,Left_Medulla,HB,505
20354,Right_Medulla,HB,506
580,Left_Nucleus_of_the_brachium_of_the_inferior_colliculus,MBsen,507
20580,Right_Nucleus_of_the_brachium_of_the_inferior_colliculus,MBsen,508
587,Left_Nucleus_of_Darkschewitsch,PAG,509
20587,Right_Nucleus_of_Darkschewitsch,PAG,510
596,Left_Diagonal_band_nucleus,MSC,511
20596,Right_Diagonal_band_nucleus,MSC,512
604,Left_Nucleus_incertus,P-sat,513
20604,Right_Nucleus_incertus,P-sat,514
612,Left_Nucleus_of_the_lateral_lemniscus,P-sen,515
20612,Right_Nucleus_of_the_lateral_lemniscus,P-sen,516
260,Left_Nucleus_of_the_lateral_olfactory_tract_molecular_layer,NLOT,517
20260,Right_Nucleus_of_the_lateral_olfactory_tract_molecular_layer,NLOT,518
1139,Left_Nucleus_of_the_lateral_olfactory_tract_layer_3,NLOT,519
21139,Right_Nucleus_of_the_lateral_olfactory_tract_layer_3,NLOT,520
968,Left_Nodulus_(X),VERM,521
20968,Right_Nodulus_(X),VERM,522
628,Left_Nucleus_of_the_optic_tract,PRT,523
20628,Right_Nucleus_of_the_optic_tract,PRT,524
634,Left_Nucleus_of_the_posterior_commissure,PRT,525
20634,Right_Nucleus_of_the_posterior_commissure,PRT,526
177,Left_Nucleus_of_Roller,PHY,527
20177,Right_Nucleus_of_Roller,PHY,528
642,Left_Nucleus_of_the_trapezoid_body,MY-sen,529
20642,Right_Nucleus_of_the_trapezoid_body,MY-sen,530
651,Left_Nucleus_of_the_solitary_tract,MY-sen,531
20651,Right_Nucleus_of_the_solitary_tract,MY-sen,532
117,Left_optic_chiasm,IIn,533
20117,Right_optic_chiasm,IIn,534
698,Left_Olfactory_areas,CTXpl,535
20698,Right_Olfactory_areas,CTXpl,536
1016,Left_olfactory_nerve_layer_of_main_olfactory_bulb,In,537
21016,Right_olfactory_nerve_layer_of_main_olfactory_bulb,In,538
706,Left_Olivary_pretectal_nucleus,PRT,539
20706,Right_Olivary_pretectal_nucleus,PRT,540
125,Left_optic_tract,IIn,541
20125,Right_optic_tract,IIn,542
448,Left_Orbital_area_lateral_part_layer_1,ORBl,543
20448,Right_Orbital_area_lateral_part_layer_1,ORBl,544
412,Left_Orbital_area_lateral_part_layer_2/3,ORBl,545
20412,Right_Orbital_area_lateral_part_layer_2/3,ORBl,546
630,Left_Orbital_area_lateral_part_layer_5,ORBl,547
20630,Right_Orbital_area_lateral_part_layer_5,ORBl,548
440,Left_Orbital_area_lateral_part_layer_6a,ORBl,549
20440,Right_Orbital_area_lateral_part_layer_6a,ORBl,550
488,Left_Orbital_area_lateral_part_layer_6b,ORBl,551
20488,Right_Orbital_area_lateral_part_layer_6b,ORBl,552
484,Left_Orbital_area_medial_part_layer_1,ORBm,553
20484,Right_Orbital_area_medial_part_layer_1,ORBm,554
582,Left_Orbital_area_medial_part_layer_2/3,ORBm,555
20582,Right_Orbital_area_medial_part_layer_2/3,ORBm,556
620,Left_Orbital_area_medial_part_layer_5,ORBm,557
20620,Right_Orbital_area_medial_part_layer_5,ORBm,558
910,Left_Orbital_area_medial_part_layer_6a,ORBm,559
20910,Right_Orbital_area_medial_part_layer_6a,ORBm,560
969,Left_Orbital_area_ventrolateral_part_layer_1,ORBvl,561
20969,Right_Orbital_area_ventrolateral_part_layer_1,ORBvl,562
288,Left_Orbital_area_ventrolateral_part_layer_2/3,ORBvl,563
20288,Right_Orbital_area_ventrolateral_part_layer_2/3,ORBvl,564
1125,Left_Orbital_area_ventrolateral_part_layer_5,ORBvl,565
21125,Right_Orbital_area_ventrolateral_part_layer_5,ORBvl,566
608,Left_Orbital_area_ventrolateral_part_layer_6a,ORBvl,567
20608,Right_Orbital_area_ventrolateral_part_layer_6a,ORBvl,568
680,Left_Orbital_area_ventrolateral_part_layer_6b,ORBvl,569
20680,Right_Orbital_area_ventrolateral_part_layer_6b,ORBvl,570
754,Left_Olfactory_tubercle,STRv,571
20754,Right_Olfactory_tubercle,STRv,572
763,Left_Vascular_organ_of_the_lamina_terminalis,PVR,573
20763,Right_Vascular_organ_of_the_lamina_terminalis,PVR,574
771,Left_Pons,HB,575
20771,Right_Pons,HB,576
780,Left_Posterior_amygdalar_nucleus,CTXsp,577
20780,Right_Posterior_amygdalar_nucleus,CTXsp,578
788,Left_Piriform-amygdalar_area,OLF,579
20788,Right_Piriform-amygdalar_area,OLF,580
795,Left_Periaqueductal_gray,MBmot,581
20795,Right_Periaqueductal_gray,MBmot,582
803,Left_Pallidum,CNU,583
20803,Right_Pallidum,CNU,584
843,Left_Parasubiculum,RHP,585
20843,Right_Parasubiculum,RHP,586
852,Left_Parvicellular_reticular_nucleus,MY-mot,587
20852,Right_Parvicellular_reticular_nucleus,MY-mot,588
859,Left_Parasolitary_nucleus,MY-mot,589
20859,Right_Parasolitary_nucleus,MY-mot,590
867,Left_Parabrachial_nucleus,P-sen,591
20867,Right_Parabrachial_nucleus,P-sen,592
874,Left_Parabigeminal_nucleus,MBsen,593
20874,Right_Parabigeminal_nucleus,MBsen,594
158,Left_posterior_commissure,IIIn,595
20158,Right_posterior_commissure,IIIn,596
898,Left_Pontine_central_gray,P-mot,597
20898,Right_Pontine_central_gray,P-mot,598
907,Left_Paracentral_nucleus,ILM,599
20907,Right_Paracentral_nucleus,ILM,600
914,Left_Posterodorsal_preoptic_nucleus,PVR,601
20914,Right_Posterodorsal_preoptic_nucleus,PVR,602
540,Left_Perirhinal_area_layer_1,PERI,603
20540,Right_Perirhinal_area_layer_1,PERI,604
888,Left_Perirhinal_area_layer_2/3,PERI,605
20888,Right_Perirhinal_area_layer_2/3,PERI,606
692,Left_Perirhinal_area_layer_5,PERI,607
20692,Right_Perirhinal_area_layer_5,PERI,608
335,Left_Perirhinal_area_layer_6a,PERI,609
20335,Right_Perirhinal_area_layer_6a,PERI,610
368,Left_Perirhinal_area_layer_6b,PERI,611
20368,Right_Perirhinal_area_layer_6b,PERI,612
930,Left_Parafascicular_nucleus,ILM,613
20930,Right_Parafascicular_nucleus,ILM,614
1041,Left_Paraflocculus,HEM,615
21041,Right_Paraflocculus,HEM,616
931,Left_Pontine_gray,P-mot,617
20931,Right_Pontine_gray,P-mot,618
970,Left_Paragigantocellular_reticular_nucleus_dorsal_part,PGRN,619
20970,Right_Paragigantocellular_reticular_nucleus_dorsal_part,PGRN,620
978,Left_Paragigantocellular_reticular_nucleus_lateral_part,PGRN,621
20978,Right_Paragigantocellular_reticular_nucleus_lateral_part,PGRN,622
946,Left_Posterior_hypothalamic_nucleus,MEZ_,623
20946,Right_Posterior_hypothalamic_nucleus,MEZ_,624
961,Left_Piriform_area,OLF,625
20961,Right_Piriform_area,OLF,626
171,Left_Prelimbic_area_layer_1,PL,627
20171,Right_Prelimbic_area_layer_1,PL,628
304,Left_Prelimbic_area_layer_2/3,PL,629
20304,Right_Prelimbic_area_layer_2/3,PL,630
363,Left_Prelimbic_area_layer_5,PL,631
20363,Right_Prelimbic_area_layer_5,PL,632
84,Left_Prelimbic_area_layer_6a,PL,633
20084,Right_Prelimbic_area_layer_6a,PL,634
132,Left_Prelimbic_area_layer_6b,PL,635
20132,Right_Prelimbic_area_layer_6b,PL,636
753,Left_principal_mammillary_tract,mfbsma,637
20753,Right_principal_mammillary_tract,mfbsma,638
980,Left_Dorsal_premammillary_nucleus,MEZ_,639
20980,Right_Dorsal_premammillary_nucleus,MEZ_,640
1004,Left_Ventral_premammillary_nucleus,MEZ_,641
21004,Right_Ventral_premammillary_nucleus,MEZ_,642
1020,Left_Posterior_complex_of_the_thalamus,LAT,643
21020,Right_Posterior_complex_of_the_thalamus,LAT,644
1029,Left_Posterior_limiting_nucleus_of_the_thalamus,LAT,645
21029,Right_Posterior_limiting_nucleus_of_the_thalamus,LAT,646
122,Left_Superior_olivary_complex_periolivary_region,SOC,647
20122,Right_Superior_olivary_complex_periolivary_region,SOC,648
1037,Left_Postsubiculum,RHP,649
21037,Right_Postsubiculum,RHP,650
1044,Left_Peripeduncular_nucleus,DORsm,651
21044,Right_Peripeduncular_nucleus,DORsm,652
1052,Left_Pedunculopontine_nucleus,MBsta,653
21052,Right_Pedunculopontine_nucleus,MBsta,654
1061,Left_Posterior_pretectal_nucleus,PRT,655
21061,Right_Posterior_pretectal_nucleus,PRT,656
1069,Left_Parapyramidal_nucleus,MY-mot,657
21069,Right_Parapyramidal_nucleus,MY-mot,658
1077,Left_Perireunensis_nucleus,MED,659
21077,Right_Perireunensis_nucleus,MED,660
50,Left_Precommissural_nucleus,PAG,661
20050,Right_Precommissural_nucleus,PAG,662
1084,Left_Presubiculum,RHP,663
21084,Right_Presubiculum,RHP,664
1025,Left_Paramedian_lobule,HEM,665
21025,Right_Paramedian_lobule,HEM,666
1093,Left_Pontine_reticular_nucleus_caudal_part,P-mot,667
21093,Right_Pontine_reticular_nucleus_caudal_part,P-mot,668
146,Left_Pontine_reticular_nucleus,P-sat,669
20146,Right_Pontine_reticular_nucleus,P-sat,670
169,Left_Nucleus_prepositus,PHY,671
20169,Right_Nucleus_prepositus,PHY,672
1109,Left_Parastrial_nucleus,PVR,673
21109,Right_Parastrial_nucleus,PVR,674
356,Left_Preparasubthalamic_nucleus,LZ,675
20356,Right_Preparasubthalamic_nucleus,LZ,676
364,Left_Parasubthalamic_nucleus,LZ,677
20364,Right_Parasubthalamic_nucleus,LZ,678
7,Left_Principal_sensory_nucleus_of_the_trigeminal,P-sen,679
20007,Right_Principal_sensory_nucleus_of_the_trigeminal,P-sen,680
15,Left_Parataenial_nucleus,MTN,681
20015,Right_Parataenial_nucleus,MTN,682
30,Left_Periventricular_hypothalamic_nucleus_anterior_part,PVZ,683
20030,Right_Periventricular_hypothalamic_nucleus_anterior_part,PVZ,684
38,Left_Paraventricular_hypothalamic_nucleus,PVZ,685
20038,Right_Paraventricular_hypothalamic_nucleus,PVZ,686
63,Left_Paraventricular_hypothalamic_nucleus_descending_division,MEZ_,687
20063,Right_Paraventricular_hypothalamic_nucleus_descending_division,MEZ_,688
118,Left_Periventricular_hypothalamic_nucleus_intermediate_part,PVZ,689
20118,Right_Periventricular_hypothalamic_nucleus_intermediate_part,PVZ,690
126,Left_Periventricular_hypothalamic_nucleus_posterior_part,PVR,691
20126,Right_Periventricular_hypothalamic_nucleus_posterior_part,PVR,692
133,Left_Periventricular_hypothalamic_nucleus_preoptic_part,PVR,693
20133,Right_Periventricular_hypothalamic_nucleus_preoptic_part,PVR,694
149,Left_Paraventricular_nucleus_of_the_thalamus,MTN,695
20149,Right_Paraventricular_nucleus_of_the_thalamus,MTN,696
190,Left_pyramid,cst,697
20190,Right_pyramid,cst,698
951,Left_Pyramus_(VIII),VERM,699
20951,Right_Pyramus_(VIII),VERM,700
173,Left_Retrochiasmatic_area,LZ,701
20173,Right_Retrochiasmatic_area,LZ,702
181,Left_Nucleus_of_reunions,MTN,703
20181,Right_Nucleus_of_reunions,MTN,704
189,Left_Rhomboid_nucleus,ILM,705
20189,Right_Rhomboid_nucleus,ILM,706
197,Left_Rostral_linear_nucleus_raph,RAmb,707
20197,Right_Rostral_linear_nucleus_raph,RAmb,708
206,Left_Nucleus_raph_magnus,MY-sat,709
20206,Right_Nucleus_raph_magnus,MY-sat,710
214,Left_Red_nucleus,MBmot,711
20214,Right_Red_nucleus,MBmot,712
222,Left_Nucleus_raph_obscurus,MY-sat,713
20222,Right_Nucleus_raph_obscurus,MY-sat,714
997,Left_root,,715
20997,Right_root,,716
230,Left_Nucleus_raph_pallidus,MY-sat,717
20230,Right_Nucleus_raph_pallidus,MY-sat,718
238,Left_Nucleus_raph_pontis,P-sat,719
20238,Right_Nucleus_raph_pontis,P-sat,720
246,Left_Midbrain_reticular_nucleus_retrorubral_area,MBmot,721
20246,Right_Midbrain_reticular_nucleus_retrorubral_area,MBmot,722
671,Left_Retrosplenial_area_lateral_agranular_part_layer_1,RSPagl,723
20671,Right_Retrosplenial_area_lateral_agranular_part_layer_1,RSPagl,724
965,Left_Retrosplenial_area_lateral_agranular_part_layer_2/3,RSPagl,725
20965,Right_Retrosplenial_area_lateral_agranular_part_layer_2/3,RSPagl,726
774,Left_Retrosplenial_area_lateral_agranular_part_layer_5,RSPagl,727
20774,Right_Retrosplenial_area_lateral_agranular_part_layer_5,RSPagl,728
906,Left_Retrosplenial_area_lateral_agranular_part_layer_6a,RSPagl,729
20906,Right_Retrosplenial_area_lateral_agranular_part_layer_6a,RSPagl,730
279,Left_Retrosplenial_area_lateral_agranular_part_layer_6b,RSPagl,731
20279,Right_Retrosplenial_area_lateral_agranular_part_layer_6b,RSPagl,732
442,Left_Retrosplenial_area_dorsal_part_layer_1,RSPd,733
20442,Right_Retrosplenial_area_dorsal_part_layer_1,RSPd,734
434,Left_Retrosplenial_area_dorsal_part_layer_2/3,RSPd,735
20434,Right_Retrosplenial_area_dorsal_part_layer_2/3,RSPd,736
610,Left_Retrosplenial_area_dorsal_part_layer_5,RSPd,737
20610,Right_Retrosplenial_area_dorsal_part_layer_5,RSPd,738
274,Left_Retrosplenial_area_dorsal_part_layer_6a,RSPd,739
20274,Right_Retrosplenial_area_dorsal_part_layer_6a,RSPd,740
330,Left_Retrosplenial_area_dorsal_part_layer_6b,RSPd,741
20330,Right_Retrosplenial_area_dorsal_part_layer_6b,RSPd,742
542,Left_Retrosplenial_area_ventral_part_layer_1,RSPv,743
20542,Right_Retrosplenial_area_ventral_part_layer_1,RSPv,744
430,Left_Retrosplenial_area_ventral_part_layer_2/3,RSPv,745
20430,Right_Retrosplenial_area_ventral_part_layer_2/3,RSPv,746
687,Left_Retrosplenial_area_ventral_part_layer_5,RSPv,747
20687,Right_Retrosplenial_area_ventral_part_layer_5,RSPv,748
590,Left_Retrosplenial_area_ventral_part_layer_6a,RSPv,749
20590,Right_Retrosplenial_area_ventral_part_layer_6a,RSPv,750
622,Left_Retrosplenial_area_ventral_part_layer_6b,RSPv,751
20622,Right_Retrosplenial_area_ventral_part_layer_6b,RSPv,752
262,Left_Reticular_nucleus_of_the_thalamus,DORpm,753
20262,Right_Reticular_nucleus_of_the_thalamus,DORpm,754
863,Left_rubrospinal_tract,eps,755
20863,Right_rubrospinal_tract,eps,756
271,Left_Nucleus_sagulum,MBsen,757
20271,Right_Nucleus_sagulum,MBsen,758
278,Left_Striatum-like_amygdalar_nuclei,STR,759
20278,Right_Striatum-like_amygdalar_nuclei,STR,760
347,Left_Subparaventricular_zone,PVR,761
20347,Right_Subparaventricular_zone,PVR,762
26,Left_Superior_colliculus_motor_related_deep_gray_layer,SCm,763
20026,Right_Superior_colliculus_motor_related_deep_gray_layer,SCm,764
42,Left_Superior_colliculus_motor_related_deep_white_layer,SCm,765
20042,Right_Superior_colliculus_motor_related_deep_white_layer,SCm,766
286,Left_Suprachiasmatic_nucleus,PVR,767
20286,Right_Suprachiasmatic_nucleus,PVR,768
10,Left_Superior_colliculus_motor_related_intermediate_gray_layer,SCm,769
20010,Right_Superior_colliculus_motor_related_intermediate_gray_layer,SCm,770
494,Left_Superior_colliculus_motor_related_intermediate_gray_layer_sublayer_a,SCig,771
20494,Right_Superior_colliculus_motor_related_intermediate_gray_layer_sublayer_a,SCig,772
503,Left_Superior_colliculus_motor_related_intermediate_gray_layer_sublayer_b,SCig,773
20503,Right_Superior_colliculus_motor_related_intermediate_gray_layer_sublayer_b,SCig,774
511,Left_Superior_colliculus_motor_related_intermediate_gray_layer_sublayer_c,SCig,775
20511,Right_Superior_colliculus_motor_related_intermediate_gray_layer_sublayer_c,SCig,776
17,Left_Superior_colliculus_motor_related_intermediate_white_layer,SCm,777
20017,Right_Superior_colliculus_motor_related_intermediate_white_layer,SCm,778
851,Left_Superior_colliculus_optic_layer,SCs,779
20851,Right_Superior_colliculus_optic_layer,SCs,780
326,Left_superior_cerebelar_peduncles,cbp,781
20326,Right_superior_cerebelar_peduncles,cbp,782
842,Left_Superior_colliculus_superficial_gray_layer,SCs,783
20842,Right_Superior_colliculus_superficial_gray_layer,SCs,784
310,Left_Septofimbrial_nucleus,LSX,785
20310,Right_Septofimbrial_nucleus,LSX,786
338,Left_Subfornical_organ,PVR,787
20338,Right_Subfornical_organ,PVR,788
318,Left_Supragenual_nucleus,P-mot,789
20318,Right_Supragenual_nucleus,P-mot,790
325,Left_Suprageniculate_nucleus,LAT,791
20325,Right_Suprageniculate_nucleus,LAT,792
333,Left_Septohippocampal_nucleus,LSX,793
20333,Right_Septohippocampal_nucleus,LSX,794
342,Left_Substantia_innominata,PALv,795
20342,Right_Substantia_innominata,PALv,796
1007,Left_Simple_lobule,HEM,797
21007,Right_Simple_lobule,HEM,798
350,Left_Subceruleus_nucleus,P-sat,799
20350,Right_Subceruleus_nucleus,P-sat,800
358,Left_Sublaterodorsal_nucleus,P-sat,801
20358,Right_Sublaterodorsal_nucleus,P-sat,802
802,Left_stria_medullaris,mfbse,803
20802,Right_stria_medullaris,mfbse,804
341,Left_supramammillary_decussation,mfsbshy,805
20341,Right_supramammillary_decussation,mfsbshy,806
366,Left_Submedial_nucleus_of_the_thalamus,MED,807
20366,Right_Submedial_nucleus_of_the_thalamus,MED,808
374,Left_Substantia_nigra_compact_part,MBsta,809
20374,Right_Substantia_nigra_compact_part,MBsta,810
381,Left_Substantia_nigra_reticular_part,MBmot,811
20381,Right_Substantia_nigra_reticular_part,MBmot,812
390,Left_Supraoptic_nucleus,PVZ,813
20390,Right_Supraoptic_nucleus,PVZ,814
114,Left_Superior_olivary_complex_lateral_part,SOC,815
20114,Right_Superior_olivary_complex_lateral_part,SOC,816
105,Left_Superior_olivary_complex_medial_part,SOC,817
20105,Right_Superior_olivary_complex_medial_part,SOC,818
609,Left_Subparafascicular_area,DORsm,819
20609,Right_Subparafascicular_area,DORsm,820
414,Left_Subparafascicular_nucleus_magnocellular_part,SPF,821
20414,Right_Subparafascicular_nucleus_magnocellular_part,SPF,822
422,Left_Subparafascicular_nucleus_parvicellular_part,SPF,823
20422,Right_Subparafascicular_nucleus_parvicellular_part,SPF,824
225,Left_Spinal_vestibular_nucleus,VNC,825
20225,Right_Spinal_vestibular_nucleus,VNC,826
794,Left_spinal_tract_of_the_trigeminal_nerve,sV,827
20794,Right_spinal_tract_of_the_trigeminal_nerve,sV,828
429,Left_Spinal_nucleus_of_the_trigeminal_caudal_part,MY-sen,829
20429,Right_Spinal_nucleus_of_the_trigeminal_caudal_part,MY-sen,830
437,Left_Spinal_nucleus_of_the_trigeminal_interpolar_part,MY-sen,831
20437,Right_Spinal_nucleus_of_the_trigeminal_interpolar_part,MY-sen,832
445,Left_Spinal_nucleus_of_the_trigeminal_oral_part,MY-sen,833
20445,Right_Spinal_nucleus_of_the_trigeminal_oral_part,MY-sen,834
981,Left_Primary_somatosensory_area_barrel_field_layer_1,SSp-bfd,835
20981,Right_Primary_somatosensory_area_barrel_field_layer_1,SSp-bfd,836
201,Left_Primary_somatosensory_area_barrel_field_layer_2/3,SSp-bfd,837
20201,Right_Primary_somatosensory_area_barrel_field_layer_2/3,SSp-bfd,838
1047,Left_Primary_somatosensory_area_barrel_field_layer_4,SSp-bfd,839
21047,Right_Primary_somatosensory_area_barrel_field_layer_4,SSp-bfd,840
1070,Left_Primary_somatosensory_area_barrel_field_layer_5_,SSp-bfd,841
21070,Right_Primary_somatosensory_area_barrel_field_layer_5_,SSp-bfd,842
1038,Left_Primary_somatosensory_area_barrel_field_layer_6a,SSp-bfd,843
21038,Right_Primary_somatosensory_area_barrel_field_layer_6a,SSp-bfd,844
1062,Left_Primary_somatosensory_area_barrel_field_layer_6b,SSp-bfd,845
21062,Right_Primary_somatosensory_area_barrel_field_layer_6b,SSp-bfd,846
1030,Left_Primary_somatosensory_area_lower_limb_layer_1,SSp-ll,847
21030,Right_Primary_somatosensory_area_lower_limb_layer_1,SSp-ll,848
113,Left_Primary_somatosensory_area_lower_limb_layer_2/3,SSp-ll,849
20113,Right_Primary_somatosensory_area_lower_limb_layer_2/3,SSp-ll,850
1094,Left_Primary_somatosensory_area_lower_limb_layer_4,SSp-ll,851
21094,Right_Primary_somatosensory_area_lower_limb_layer_4,SSp-ll,852
1128,Left_Primary_somatosensory_area_lower_limb_layer_5,SSp-ll,853
21128,Right_Primary_somatosensory_area_lower_limb_layer_5,SSp-ll,854
478,Left_Primary_somatosensory_area_lower_limb_layer_6a,SSp-ll,855
20478,Right_Primary_somatosensory_area_lower_limb_layer_6a,SSp-ll,856
510,Left_Primary_somatosensory_area_lower_limb_layer_6b,SSp-ll,857
20510,Right_Primary_somatosensory_area_lower_limb_layer_6b,SSp-ll,858
878,Left_Primary_somatosensory_area_mouth_layer_1,SSp-m,859
20878,Right_Primary_somatosensory_area_mouth_layer_1,SSp-m,860
657,Left_Primary_somatosensory_area_mouth_layer_2/3,SSp-m,861
20657,Right_Primary_somatosensory_area_mouth_layer_2/3,SSp-m,862
950,Left_Primary_somatosensory_area_mouth_layer_4,SSp-m,863
20950,Right_Primary_somatosensory_area_mouth_layer_4,SSp-m,864
974,Left_Primary_somatosensory_area_mouth_layer_5,SSp-m,865
20974,Right_Primary_somatosensory_area_mouth_layer_5,SSp-m,866
1102,Left_Primary_somatosensory_area_mouth_layer_6a,SSp-m,867
21102,Right_Primary_somatosensory_area_mouth_layer_6a,SSp-m,868
2,Left_Primary_somatosensory_area_mouth_layer_6b,SSp-m,869
20002,Right_Primary_somatosensory_area_mouth_layer_6b,SSp-m,870
558,Left_Primary_somatosensory_area_nose_layer_1,SSp-n,871
20558,Right_Primary_somatosensory_area_nose_layer_1,SSp-n,872
838,Left_Primary_somatosensory_area_nose_layer_2/3,SSp-n,873
20838,Right_Primary_somatosensory_area_nose_layer_2/3,SSp-n,874
654,Left_Primary_somatosensory_area_nose_layer_4,SSp-n,875
20654,Right_Primary_somatosensory_area_nose_layer_4,SSp-n,876
702,Left_Primary_somatosensory_area_nose_layer_5,SSp-n,877
20702,Right_Primary_somatosensory_area_nose_layer_5,SSp-n,878
889,Left_Primary_somatosensory_area_nose_layer_6a,SSp-n,879
20889,Right_Primary_somatosensory_area_nose_layer_6a,SSp-n,880
929,Left_Primary_somatosensory_area_nose_layer_6b,SSp-n,881
20929,Right_Primary_somatosensory_area_nose_layer_6b,SSp-n,882
1006,Left_Primary_somatosensory_area_trunk_layer_1,SSp-tr,883
21006,Right_Primary_somatosensory_area_trunk_layer_1,SSp-tr,884
670,Left_Primary_somatosensory_area_trunk_layer_2/3,SSp-tr,885
20670,Right_Primary_somatosensory_area_trunk_layer_2/3,SSp-tr,886
1086,Left_Primary_somatosensory_area_trunk_layer_4,SSp-tr,887
21086,Right_Primary_somatosensory_area_trunk_layer_4,SSp-tr,888
1111,Left_Primary_somatosensory_area_trunk_layer_5,SSp-tr,889
21111,Right_Primary_somatosensory_area_trunk_layer_5,SSp-tr,890
9,Left_Primary_somatosensory_area_trunk_layer_6a,SSp-tr,891
20009,Right_Primary_somatosensory_area_trunk_layer_6a,SSp-tr,892
461,Left_Primary_somatosensory_area_trunk_layer_6b,SSp-tr,893
20461,Right_Primary_somatosensory_area_trunk_layer_6b,SSp-tr,894
450,Left_Primary_somatosensory_area_upper_limb_layer_1,SSp-ul,895
20450,Right_Primary_somatosensory_area_upper_limb_layer_1,SSp-ul,896
854,Left_Primary_somatosensory_area_upper_limb_layer_2/3,SSp-ul,897
20854,Right_Primary_somatosensory_area_upper_limb_layer_2/3,SSp-ul,898
577,Left_Primary_somatosensory_area_upper_limb_layer_4,SSp-ul,899
20577,Right_Primary_somatosensory_area_upper_limb_layer_4,SSp-ul,900
625,Left_Primary_somatosensory_area_upper_limb_layer_5,SSp-ul,901
20625,Right_Primary_somatosensory_area_upper_limb_layer_5,SSp-ul,902
945,Left_Primary_somatosensory_area_upper_limb_layer_6a,SSp-ul,903
20945,Right_Primary_somatosensory_area_upper_limb_layer_6a,SSp-ul,904
1026,Left_Primary_somatosensory_area_upper_limb_layer_6b,SSp-ul,905
21026,Right_Primary_somatosensory_area_upper_limb_layer_6b,SSp-ul,906
12001,Left_Primary_somatosensory_area_unassigned_layers_1-3,SSp,907
32001,Right_Primary_somatosensory_area_unassigned_layers_1-3,SSp,908
12002,Left_Primary_somatosensory_area_unassigned_layers_4-6,SSp,909
32002,Right_Primary_somatosensory_area_unassigned_layers_4-6,SSp,910
873,Left_Supplemental_somatosensory_area_layer_1,SSs,911
20873,Right_Supplemental_somatosensory_area_layer_1,SSs,912
806,Left_Supplemental_somatosensory_area_layer_2/3,SSs,913
20806,Right_Supplemental_somatosensory_area_layer_2/3,SSs,914
1035,Left_Supplemental_somatosensory_area_layer_4,SSs,915
21035,Right_Supplemental_somatosensory_area_layer_4,SSs,916
1090,Left_Supplemental_somatosensory_area_layer_5,SSs,917
21090,Right_Supplemental_somatosensory_area_layer_5,SSs,918
862,Left_Supplemental_somatosensory_area_layer_6a,SSs,919
20862,Right_Supplemental_somatosensory_area_layer_6a,SSs,920
893,Left_Supplemental_somatosensory_area_layer_6b,SSs,921
20893,Right_Supplemental_somatosensory_area_layer_6b,SSs,922
301,Left_stria_terminalis,mfbc,923
20301,Right_stria_terminalis,mfbc,924
470,Left_Subthalamic_nucleus,LZ,925
20470,Right_Subthalamic_nucleus,LZ,926
477,Left_Striatum,CNU,927
20477,Right_Striatum,CNU,928
502,Left_Subiculum,RHP,929
20502,Right_Subiculum,RHP,930
321,Left_Subgeniculate_nucleus,GENv,931
20321,Right_Subgeniculate_nucleus,GENv,932
525,Left_Supramammillary_nucleus,MBO,933
20525,Right_Supramammillary_nucleus,MBO,934
534,Left_Supratrigeminal_nucleus,P-mot,935
20534,Right_Supratrigeminal_nucleus,P-mot,936
217,Left_Superior_vestibular_nucleus,VNC,937
20217,Right_Superior_vestibular_nucleus,VNC,938
841,Left_trapezoid_body,cVIIIn,939
20841,Right_trapezoid_body,cVIIIn,940
97,Left_Temporal_association_areas_layer_1,TEa,941
20097,Right_Temporal_association_areas_layer_1,TEa,942
1127,Left_Temporal_association_areas_layer_2/3,TEa,943
21127,Right_Temporal_association_areas_layer_2/3,TEa,944
234,Left_Temporal_association_areas_layer_4,TEa,945
20234,Right_Temporal_association_areas_layer_4,TEa,946
289,Left_Temporal_association_areas_layer_5,TEa,947
20289,Right_Temporal_association_areas_layer_5,TEa,948
729,Left_Temporal_association_areas_layer_6a,TEa,949
20729,Right_Temporal_association_areas_layer_6a,TEa,950
786,Left_Temporal_association_areas_layer_6b,TEa,951
20786,Right_Temporal_association_areas_layer_6b,TEa,952
549,Left_Thalamus,IB,953
20549,Right_Thalamus,IB,954
1126,Left_Tuberomammillary_nucleus_dorsal_part,TM,955
21126,Right_Tuberomammillary_nucleus_dorsal_part,TM,956
1,Left_Tuberomammillary_nucleus_ventral_part,TM,957
20001,Right_Tuberomammillary_nucleus_ventral_part,TM,958
566,Left_Postpiriform_transition_area,OLF,959
20566,Right_Postpiriform_transition_area,OLF,960
574,Left_Tegmental_reticular_nucleus,P-mot,961
20574,Right_Tegmental_reticular_nucleus,P-mot,962
581,Left_Triangular_nucleus_of_septum,PALm,963
20581,Right_Triangular_nucleus_of_septum,PALm,964
237,Left_solitary_tract,Xn,965
20237,Right_solitary_tract,Xn,966
877,Left_tectospinal_pathway,eps,967
20877,Right_tectospinal_pathway,eps,968
589,Left_Taenia_tecta,OLF,969
20589,Right_Taenia_tecta,OLF,970
614,Left_Tuberal_nucleus,LZ,971
20614,Right_Tuberal_nucleus,LZ,972
957,Left_Uvula_(IX),VERM,973
20957,Right_Uvula_(IX),VERM,974
621,Left_Motor_nucleus_of_trigeminal,P-mot,975
20621,Right_Motor_nucleus_of_trigeminal,P-mot,976
129,Left_third_ventricle,VS,977
20129,Right_third_ventricle,VS,978
145,Left_fourth_ventricle,VS,979
20145,Right_fourth_ventricle,VS,980
153,Left_lateral_recess,V4,981
20153,Right_lateral_recess,V4,982
629,Left_Ventral_anterior-lateral_complex_of_the_thalamus,VENT,983
20629,Right_Ventral_anterior-lateral_complex_of_the_thalamus,VENT,984
101,Left_Ventral_cochlear_nucleus,CN,985
20101,Right_Ventral_cochlear_nucleus,CN,986
449,Left_ventral_hippocampal_commissure,hc,987
20449,Right_ventral_hippocampal_commissure,hc,988
653,Left_Abducens_nucleus,MY-mot,989
20653,Right_Abducens_nucleus,MY-mot,990
661,Left_Facial_motor_nucleus,MY-mot,991
20661,Right_Facial_motor_nucleus,MY-mot,992
798,Left_facial_nerve,cm,993
20798,Right_facial_nerve,cm,994
12003,Left_Anterior_area_layers_1-6,PTLp,995
32003,Right_Anterior_area_layers_1-6,PTLp,996
1074,Left_Anterolateral_visual_area_layer_1,VISal,997
21074,Right_Anterolateral_visual_area_layer_1,VISal,998
905,Left_Anterolateral_visual_area_layer_2/3,VISal,999
20905,Right_Anterolateral_visual_area_layer_2/3,VISal,1000
1114,Left_Anterolateral_visual_area_layer_4,VISal,1001
21114,Right_Anterolateral_visual_area_layer_4,VISal,1002
233,Left_Anterolateral_visual_area_layer_5,VISal,1003
20233,Right_Anterolateral_visual_area_layer_5,VISal,1004
601,Left_Anterolateral_visual_area_layer_6a,VISal,1005
20601,Right_Anterolateral_visual_area_layer_6a,VISal,1006
649,Left_Anterolateral_visual_area_layer_6b,VISal,1007
20649,Right_Anterolateral_visual_area_layer_6b,VISal,1008
281,Left_Anteromedial_visual_area_layer_1,VISam,1009
20281,Right_Anteromedial_visual_area_layer_1,VISam,1010
1066,Left_Anteromedial_visual_area_layer_2/3,VISam,1011
21066,Right_Anteromedial_visual_area_layer_2/3,VISam,1012
401,Left_Anteromedial_visual_area_layer_4,VISam,1013
20401,Right_Anteromedial_visual_area_layer_4,VISam,1014
433,Left_Anteromedial_visual_area_layer_5,VISam,1015
20433,Right_Anteromedial_visual_area_layer_5,VISam,1016
1046,Left_Anteromedial_visual_area_layer_6a,VISam,1017
21046,Right_Anteromedial_visual_area_layer_6a,VISam,1018
441,Left_Anteromedial_visual_area_layer_6b,VISam,1019
20441,Right_Anteromedial_visual_area_layer_6b,VISam,1020
897,Left_Visceral_area_layer_1,VISC,1021
20897,Right_Visceral_area_layer_1,VISC,1022
1106,Left_Visceral_area_layer_2/3,VISC,1023
21106,Right_Visceral_area_layer_2/3,VISC,1024
1010,Left_Visceral_area_layer_4,VISC,1025
21010,Right_Visceral_area_layer_4,VISC,1026
1058,Left_Visceral_area_layer_5,VISC,1027
21058,Right_Visceral_area_layer_5,VISC,1028
857,Left_Visceral_area_layer_6a,VISC,1029
20857,Right_Visceral_area_layer_6a,VISC,1030
849,Left_Visceral_area_layer_6b,VISC,1031
20849,Right_Visceral_area_layer_6b,VISC,1032
421,Left_Lateral_visual_area_layer_1,VISl,1033
20421,Right_Lateral_visual_area_layer_1,VISl,1034
973,Left_Lateral_visual_area_layer_2/3,VISl,1035
20973,Right_Lateral_visual_area_layer_2/3,VISl,1036
573,Left_Lateral_visual_area_layer_4,VISl,1037
20573,Right_Lateral_visual_area_layer_4,VISl,1038
613,Left_Lateral_visual_area_layer_5,VISl,1039
20613,Right_Lateral_visual_area_layer_5,VISl,1040
74,Left_Lateral_visual_area_layer_6a,VISl,1041
20074,Right_Lateral_visual_area_layer_6a,VISl,1042
121,Left_Lateral_visual_area_layer_6b,VISl,1043
20121,Right_Lateral_visual_area_layer_6b,VISl,1044
12005,Left_Laterointermediate_area_layers_1-6,VIS,1045
32005,Right_Laterointermediate_area_layers_1-6,VIS,1046
593,Left_Primary_visual_area_layer_1,VISp,1047
20593,Right_Primary_visual_area_layer_1,VISp,1048
821,Left_Primary_visual_area_layer_2/3,VISp,1049
20821,Right_Primary_visual_area_layer_2/3,VISp,1050
721,Left_Primary_visual_area_layer_4,VISp,1051
20721,Right_Primary_visual_area_layer_4,VISp,1052
778,Left_Primary_visual_area_layer_5,VISp,1053
20778,Right_Primary_visual_area_layer_5,VISp,1054
33,Left_Primary_visual_area_layer_6a,VISp,1055
20033,Right_Primary_visual_area_layer_6a,VISp,1056
305,Left_Primary_visual_area_layer_6b,VISp,1057
20305,Right_Primary_visual_area_layer_6b,VISp,1058
750,Left_Posterolateral_visual_area_layer_1,VISpl,1059
20750,Right_Posterolateral_visual_area_layer_1,VISpl,1060
269,Left_Posterolateral_visual_area_layer_2/3,VISpl,1061
20269,Right_Posterolateral_visual_area_layer_2/3,VISpl,1062
869,Left_Posterolateral_visual_area_layer_4,VISpl,1063
20869,Right_Posterolateral_visual_area_layer_4,VISpl,1064
902,Left_Posterolateral_visual_area_layer_5,VISpl,1065
20902,Right_Posterolateral_visual_area_layer_5,VISpl,1066
377,Left_Posterolateral_visual_area_layer_6a,VISpl,1067
20377,Right_Posterolateral_visual_area_layer_6a,VISpl,1068
393,Left_Posterolateral_visual_area_layer_6b,VISpl,1069
20393,Right_Posterolateral_visual_area_layer_6b,VISpl,1070
805,Left_posteromedial_visual_area_layer_1,VISpm,1071
20805,Right_posteromedial_visual_area_layer_1,VISpm,1072
41,Left_posteromedial_visual_area_layer_2/3,VISpm,1073
20041,Right_posteromedial_visual_area_layer_2/3,VISpm,1074
501,Left_posteromedial_visual_area_layer_4,VISpm,1075
20501,Right_posteromedial_visual_area_layer_4,VISpm,1076
565,Left_posteromedial_visual_area_layer_5,VISpm,1077
20565,Right_posteromedial_visual_area_layer_5,VISpm,1078
257,Left_posteromedial_visual_area_layer_6a,VISpm,1079
20257,Right_posteromedial_visual_area_layer_6a,VISpm,1080
469,Left_posteromedial_visual_area_layer_6b,VISpm,1081
20469,Right_posteromedial_visual_area_layer_6b,VISpm,1082
12006,Left_Postrhinal_area_layers_1-6,VIS,1083
32006,Right_Postrhinal_area_layers_1-6,VIS,1084
12004,Left_Rostrolateral_visual_area_layers_1-6_,PTLp,1085
32004,Right_Rostrolateral_visual_area_layers_1-6_,PTLp,1086
81,Left_lateral_ventricle,VS,1087
20081,Right_lateral_ventricle,VS,1088
689,Left_Ventrolateral_preoptic_nucleus,PVR,1089
20689,Right_Ventrolateral_preoptic_nucleus,PVR,1090
685,Left_Ventral_medial_nucleus_of_the_thalamus,VENT,1091
20685,Right_Ventral_medial_nucleus_of_the_thalamus,VENT,1092
693,Left_Ventromedial_hypothalamic_nucleus,MEZ_,1093
20693,Right_Ventromedial_hypothalamic_nucleus,MEZ_,1094
949,Left_vomeronasal_nerve,cm,1095
20949,Right_vomeronasal_nerve,cm,1096
718,Left_Ventral_posterolateral_nucleus_of_the_thalamus,VP,1097
20718,Right_Ventral_posterolateral_nucleus_of_the_thalamus,VP,1098
725,Left_Ventral_posterolateral_nucleus_of_the_thalamus_parvicellular_part,VP,1099
20725,Right_Ventral_posterolateral_nucleus_of_the_thalamus_parvicellular_part,VP,1100
733,Left_Ventral_posteromedial_nucleus_of_the_thalamus,VP,1101
20733,Right_Ventral_posteromedial_nucleus_of_the_thalamus,VP,1102
741,Left_Ventral_posteromedial_nucleus_of_the_thalamus_parvicellular_part,VPM,1103
20741,Right_Ventral_posteromedial_nucleus_of_the_thalamus_parvicellular_part,VPM,1104
73,Left_ventricular_systems,root,1105
20073,Right_ventricular_systems,root,1106
749,Left_Ventral_tegmental_area,MBmot,1107
20749,Right_Ventral_tegmental_area,MBmot,1108
397,Left_ventral_tegmental_decussation,rust,1109
20397,Right_ventral_tegmental_decussation,rust,1110
757,Left_Ventral_tegmental_nucleus,MBmot,1111
20757,Right_Ventral_tegmental_nucleus,MBmot,1112
413,Left_vestibular_nerve,VIIIn,1113
20413,Right_vestibular_nerve,VIIIn,1114
765,Left_Nucleus_x,MY-mot,1115
20765,Right_Nucleus_x,MY-mot,1116
773,Left_Hypoglossal_nucleus,MY-mot,1117
20773,Right_Hypoglossal_nucleus,MY-mot,1118
781,Left_Nucleus_y,MY-mot,1119
20781,Right_Nucleus_y,MY-mot,1120
797,Left_Zona_incerta,LZ,1121
20797,Right_Zona_incerta,LZ,1122